{"identifier":"kamera-detail1","data":{"offsetx":0.3732992,"offsety":-0.08255916,"offseta":-71.79214},"ts":1508008071048}
{"identifier":"kamera-detail1","data":{"offsetx":0.2187705,"offsety":-0.69964,"offseta":-159.3029},"ts":1508007885696}
{"identifier":"kamera-detail2","data":{"offsetx":-0.957928,"offsety":-0.5624949,"offseta":-53.70225},"ts":1508007897540}
{"identifier":"kamera-detail2","data":{"offsetx":1.537062,"offsety":0.8802986,"offseta":-220.6482},"ts":1508007910338}
{"identifier":"kamera-detail2","data":{"offsetx":0.6740827,"offsety":0.3203116,"offseta":-237.5026},"ts":1508007999045}
{"identifier":"kamera-detail1","data":{"offsetx":1.777384,"offsety":0.1926722,"offseta":-208.5562},"ts":1508007999842}
{"identifier":"kamera-detail2","data":{"offsetx":-1.194642,"offsety":1.336429,"offseta":-317.2116},"ts":1508008095502}
{"identifier":"kamera-detail1","data":{"offsetx":-0.7634859,"offsety":-0.8358305,"offseta":85.73656},"ts":1508008162552}
{"identifier":"kamera-detail2","data":{"offsetx":0.829424,"offsety":0.4248568,"offseta":-228.0176},"ts":1508007975950}
{"identifier":"kamera-detail2","data":{"offsetx":-1.729979,"offsety":-0.9220538,"offseta":-35.02561},"ts":1508008174646}
{"identifier":"kamera-detail2","data":{"offsetx":-0.1901369,"offsety":1.899034,"offseta":-278.483},"ts":1508008270620}
{"identifier":"kamera-detail1","data":{"offsetx":0.5480271,"offsety":-0.1793265,"offseta":-55.87809},"ts":1508008283370}
{"identifier":"kamera-detail2","data":{"offsetx":3.31291,"offsety":0.6087403,"offseta":-208.7866},"ts":1508008352139}
