{"identifier":"kamera-detail1","data":{"offsetx":-0.08708413,"offsety":0.5924715,"offseta":88.70135},"ts":1508007898009}
{"identifier":"kamera-detail1","data":{"offsetx":-0.003975593,"offsety":-1.6708,"offseta":-88.45425},"ts":1508007987763}
{"identifier":"kamera-detail2","data":{"offsetx":-1.199884,"offsety":-0.2508687,"offseta":-38.53135},"ts":1508008161021}
{"identifier":"kamera-detail1","data":{"offsetx":2.035536,"offsety":-0.9694752,"offseta":-122.5688},"ts":1508007909822}
{"identifier":"kamera-detail1","data":{"offsetx":-0.1005065,"offsety":0.1811788,"offseta":-189.782},"ts":1508008108472}
{"identifier":"kamera-detail1","data":{"offsetx":0.6201527,"offsety":0.5369295,"offseta":-203.1146},"ts":1508007831037}
{"identifier":"kamera-detail1","data":{"offsetx":-0.3445053,"offsety":-0.8051817,"offseta":67.80105},"ts":1508008028718}
{"identifier":"kamera-detail2","data":{"offsetx":-1.707039,"offsety":0.6278744,"offseta":5.572831},"ts":1508008107737}
{"identifier":"kamera-detail1","data":{"offsetx":-0.5671287,"offsety":-1.553259},"ts":1508007920869}
{"identifier":"kamera-detail1","data":{"offsetx":0.03227643,"offsety":0.9534814,"offseta":-146.6375},"ts":1508008188616}
{"identifier":"kamera-detail2","data":{"offsetx":-0.8500981,"offsety":2.15235,"offseta":-290.1178},"ts":1508008259525}
{"identifier":"kamera-detail1","data":{"offsetx":0.272213,"offsety":0.2205915,"offseta":-158.3886},"ts":1508008295761}
{"identifier":"kamera-detail1","data":{"offsetx":-0.2102256,"offsety":0.007415336,"offseta":-58.07816},"ts":1508008352498}
{"identifier":"kamera-detail1","data":{"offsetx":0.03781255,"offsety":0.2011489,"offseta":-161.8527},"ts":1508008365733}
{"identifier":"kamera-detail1","data":{"offsetx":-0.3964638,"offsety":-1.061632,"offseta":-17.2624},"ts":1508008380921}
{"ts":1508008392641,"identifier":"kamera-detail1","data":{"offsetx":0.6201527}}
