{"identifier":"kamera-detail2","data":{"offsetx":-0.8361852,"offsety":0.1478156,"offseta":-35.58942},"ts":1508008081970}
{"identifier":"kamera-detail1","data":{"offsetx":0.1513166,"offsety":-0.2232465,"offseta":-76.05208},"ts":1508008082892}
{"identifier":"kamera-detail1","data":{"offsetx":0.1293669,"offsety":-0.177725,"offseta":-179.3209},"ts":1508008200976}
{"identifier":"kamera-detail2","data":{"offsetx":1.376938,"offsety":0.1115892,"offseta":-214.8328},"ts":1508007833631}
{"identifier":"kamera-detail1","data":{"offsetx":0.4896546,"offsety":0.5586863,"offseta":-106.4689},"ts":1508008096127}
{"identifier":"kamera-detail2","data":{"offsetx":-2.119249,"offsety":-2.250095,"offseta":-65.42527},"ts":1508007813911}
{"identifier":"kamera-detail2","data":{"offsetx":0.9581333,"offsety":0.3529953,"offseta":-220.6744},"ts":1508007884430}
{"identifier":"kamera-detail2","data":{"offsetx":-2.119249,"offsety":-2.250095,"offseta":-65.42527},"ts":1508008375531}
{"identifier":"kamera-detail2","data":{"offsetx":1.478284,"offsety":-0.5745924,"offseta":-179.69},"ts":1508008186694}
{"identifier":"kamera-detail2","data":{"offsetx":0.3769462,"offsety":-1.26083,"offseta":-156.7899},"ts":1508008383422}
