{"identifier":"kamera-detail2","data":{"offsetx":-0.04982485,"offsety":1.523577,"offseta":-285.8673},"ts":1508007986841}
{"identifier":"kamera-detail2","data":{"offsetx":1.096851,"offsety":-0.3852929,"offseta":-167.4203},"ts":1508007922229}
{"identifier":"kamera-detail2","data":{"offsetx":-0.2105384,"offsety":-0.9784799,"offseta":-101.7951},"ts":1508008012811}
{"identifier":"kamera-detail1","data":{"offsetx":-0.3964638,"offsety":-1.061632,"offseta":-17.2624},"ts":1508007819318}
{"identifier":"kamera-detail1","data":{"offsetx":-2.119249,"offsety":-2.250095,"offseta":-65.42527},"ts":1508007813911}
{"identifier":"kamera-detail2","data":{"offsetx":0.3769462,"offsety":-1.26083,"offseta":-156.7899},"ts":1508007821818}
{"identifier":"kamera-detail1","data":{"offsetx":0.9707972,"offsety":0.2532718,"offseta":125.7363},"ts":1508007976419}
{"identifier":"kamera-detail2","data":{"offsetx":0.4360359,"offsety":-1.30921,"offseta":-109.29},"ts":1508008070345}
{"identifier":"kamera-detail2","data":{"offsetx":-1.201339,"offsety":-0.5768335},"ts":1508007845413}
{"identifier":"kamera-detail1","data":{"offsetx":-0.1610443,"offsety":0.3608579,"offseta":-155.6015},"ts":1508008177115}
{"identifier":"kamera-detail2","data":{"offsetx":-1.376347,"offsety":-1.438212,"offseta":-52.14312},"ts":1508008200038}
{"identifier":"kamera-detail1","data":{"offsetx":-0.4390095,"offsety":0.6423641},"ts":1508008259791}
{"identifier":"kamera-detail1","data":{"offsetx":-0.07399092,"offsety":-0.4114442,"offseta":74.48866},"ts":1508008271260}
{"identifier":"kamera-detail2","data":{"offsetx":-1.055331,"offsety":-1.661861,"offseta":-74.11042},"ts":1508008283151}
{"identifier":"kamera-detail2","data":{"offsetx":-0.4096301,"offsety":-2.800462,"offseta":-87.11274},"ts":1508008296839}
{"identifier":"kamera-detail1","data":{"offsetx":-2.119249,"offsety":-2.250095,"offseta":-65.42527},"ts":1508008375531}
