{"identifier":"kamera-detail1","data":{"offsetx":-10.087084,"offsety":-19.407528,"offseta":58.701347},"ts":1508007898009}
{"identifier":"kamera-detail1","data":{"offsetx":-10.003976,"offsety":-21.6708,"offseta":-118.45425},"ts":1508007987763}
{"identifier":"kamera-detail2","data":{"offsetx":-11.199884,"offsety":-20.250868,"offseta":-68.53135},"ts":1508008161021}
{"identifier":"kamera-detail1","data":{"offsetx":-7.964464,"offsety":-20.969475,"offseta":-152.5688},"ts":1508007909822}
{"identifier":"kamera-detail1","data":{"offsetx":-10.100507,"offsety":-19.81882,"offseta":-219.782},"ts":1508008108472}
{"identifier":"kamera-detail1","data":{"offsetx":-9.379848,"offsety":-19.46307,"offseta":-233.1146},"ts":1508007831037}
{"identifier":"kamera-detail1","data":{"offsetx":-10.344505,"offsety":-20.805182,"offseta":37.80105},"ts":1508008028718}
{"identifier":"kamera-detail2","data":{"offsetx":-11.707039,"offsety":-19.372126,"offseta":-24.42717},"ts":1508008107737}
{"identifier":"kamera-detail1","data":{"offsetx":-10.567129,"offsety":-21.553259,"offseta":null},"ts":1508007920869}
{"identifier":"kamera-detail1","data":{"offsetx":-9.967724,"offsety":-19.046518,"offseta":-176.6375},"ts":1508008188616}
{"identifier":"kamera-detail2","data":{"offsetx":-10.850098,"offsety":-17.84765,"offseta":-320.1178},"ts":1508008259525}
{"identifier":"kamera-detail1","data":{"offsetx":-9.727787,"offsety":-19.77941,"offseta":-188.3886},"ts":1508008295761}
{"identifier":"kamera-detail1","data":{"offsetx":-10.210226,"offsety":-19.992584,"offseta":-88.078156},"ts":1508008352498}
{"identifier":"kamera-detail1","data":{"offsetx":-9.962188,"offsety":-19.798851,"offseta":-191.8527},"ts":1508008365733}
{"identifier":"kamera-detail1","data":{"offsetx":-10.396463,"offsety":-21.061632,"offseta":-47.262398},"ts":1508008380921}
{"identifier":"kamera-detail1","data":{"offsetx":-9.379848,"offsety":null,"offseta":null},"ts":1508008392641}
