{"identifier":"kamera-detail1","data":{"offsetx":-9.6267,"offsety":-20.08256,"offseta":-101.79214},"ts":1508008071048}
{"identifier":"kamera-detail1","data":{"offsetx":-9.781229,"offsety":-20.69964,"offseta":-189.3029},"ts":1508007885696}
{"identifier":"kamera-detail2","data":{"offsetx":-10.957928,"offsety":-20.562494,"offseta":-83.702255},"ts":1508007897540}
{"identifier":"kamera-detail2","data":{"offsetx":-8.462938,"offsety":-19.119701,"offseta":-250.6482},"ts":1508007910338}
{"identifier":"kamera-detail2","data":{"offsetx":-9.325917,"offsety":-19.679688,"offseta":-267.5026},"ts":1508007999045}
{"identifier":"kamera-detail1","data":{"offsetx":-8.222616,"offsety":-19.807327,"offseta":-238.5562},"ts":1508007999842}
{"identifier":"kamera-detail2","data":{"offsetx":-11.194642,"offsety":-18.66357,"offseta":-347.2116},"ts":1508008095502}
{"identifier":"kamera-detail1","data":{"offsetx":-10.763486,"offsety":-20.83583,"offseta":55.736557},"ts":1508008162552}
{"identifier":"kamera-detail2","data":{"offsetx":-9.170576,"offsety":-19.575144,"offseta":-258.01758},"ts":1508007975950}
{"identifier":"kamera-detail2","data":{"offsetx":-11.729979,"offsety":-20.922054,"offseta":-65.02561},"ts":1508008174646}
{"identifier":"kamera-detail2","data":{"offsetx":-10.190137,"offsety":-18.100965,"offseta":-308.483},"ts":1508008270620}
{"identifier":"kamera-detail1","data":{"offsetx":-9.451973,"offsety":-20.179327,"offseta":-85.87809},"ts":1508008283370}
{"identifier":"kamera-detail2","data":{"offsetx":-6.68709,"offsety":-19.39126,"offseta":-238.7866},"ts":1508008352139}
