{"identifier":"kamera-detail2","data":{"offsetx":-10.836185,"offsety":-19.852184,"offseta":-65.58942},"ts":1508008081970}
{"identifier":"kamera-detail1","data":{"offsetx":-9.848683,"offsety":-20.223246,"offseta":-106.05208},"ts":1508008082892}
{"identifier":"kamera-detail1","data":{"offsetx":-9.870633,"offsety":-20.177725,"offseta":-209.3209},"ts":1508008200976}
{"identifier":"kamera-detail2","data":{"offsetx":-8.623062,"offsety":-19.88841,"offseta":-244.8328},"ts":1508007833631}
{"identifier":"kamera-detail1","data":{"offsetx":-9.510345,"offsety":-19.441313,"offseta":-136.4689},"ts":1508008096127}
{"identifier":"kamera-detail2","data":{"offsetx":-12.119249,"offsety":-22.250095,"offseta":-95.42527},"ts":1508007813911}
{"identifier":"kamera-detail2","data":{"offsetx":-9.041866,"offsety":-19.647005,"offseta":-250.6744},"ts":1508007884430}
{"identifier":"kamera-detail2","data":{"offsetx":-12.119249,"offsety":-22.250095,"offseta":-95.42527},"ts":1508008375531}
{"identifier":"kamera-detail2","data":{"offsetx":-8.521716,"offsety":-20.574593,"offseta":-209.69},"ts":1508008186694}
{"identifier":"kamera-detail2","data":{"offsetx":-9.623054,"offsety":-21.26083,"offseta":-186.7899},"ts":1508008383422}
