{"identifier":"kamera-detail2","data":{"offsetx":-10.049825,"offsety":-18.476423,"offseta":-315.8673},"ts":1508007986841}
{"identifier":"kamera-detail2","data":{"offsetx":-8.903149,"offsety":-20.385292,"offseta":-197.4203},"ts":1508007922229}
{"identifier":"kamera-detail2","data":{"offsetx":-10.210539,"offsety":-20.97848,"offseta":-131.7951},"ts":1508008012811}
{"identifier":"kamera-detail1","data":{"offsetx":-10.396463,"offsety":-21.061632,"offseta":-47.262398},"ts":1508007819318}
{"identifier":"kamera-detail1","data":{"offsetx":-12.119249,"offsety":-22.250095,"offseta":-95.42527},"ts":1508007813911}
{"identifier":"kamera-detail2","data":{"offsetx":-9.623054,"offsety":-21.26083,"offseta":-186.7899},"ts":1508007821818}
{"identifier":"kamera-detail1","data":{"offsetx":-9.029202,"offsety":-19.746729,"offseta":95.7363},"ts":1508007976419}
{"identifier":"kamera-detail2","data":{"offsetx":-9.563964,"offsety":-21.30921,"offseta":-139.29001},"ts":1508008070345}
{"identifier":"kamera-detail2","data":{"offsetx":-11.201339,"offsety":-20.576834,"offseta":null},"ts":1508007845413}
{"identifier":"kamera-detail1","data":{"offsetx":-10.161044,"offsety":-19.639143,"offseta":-185.6015},"ts":1508008177115}
{"identifier":"kamera-detail2","data":{"offsetx":-11.376347,"offsety":-21.438211,"offseta":-82.14312},"ts":1508008200038}
{"identifier":"kamera-detail1","data":{"offsetx":-10.43901,"offsety":-19.357635,"offseta":null},"ts":1508008259791}
{"identifier":"kamera-detail1","data":{"offsetx":-10.073991,"offsety":-20.411444,"offseta":44.488663},"ts":1508008271260}
{"identifier":"kamera-detail2","data":{"offsetx":-11.055331,"offsety":-21.661861,"offseta":-104.11042},"ts":1508008283151}
{"identifier":"kamera-detail2","data":{"offsetx":-10.40963,"offsety":-22.800463,"offseta":-117.11274},"ts":1508008296839}
{"identifier":"kamera-detail1","data":{"offsetx":-12.119249,"offsety":-22.250095,"offseta":-95.42527},"ts":1508008375531}
